,UniProtID,Type,MSA_Binding_Location,Binding_Location,conservationScore,Value,Description
0,A0A0A2N2B1_ALCFA,ACT_SITE,240,190,*,H,Proton donor/acceptor
1,A0A0A2N2B1_ALCFA,ACT_SITE,371,320,*,S,ECO:0000256|HAMAP-Rule:MF_00743
2,A0A0A2N2B1_ALCFA,BINDING,150..152,100..102,***,SGT,substrate
3,A0A0A2N2B1_ALCFA,BINDING,181..184,131..134,::**,HPND,substrate
4,A0A0A2N2B1_ALCFA,BINDING,191..193,141..143,***,SSN,substrate
5,A0A0A2N2B1_ALCFA,BINDING,239,189,*,T,substrate
6,A0A0A2N2B1_ALCFA,BINDING,372,321,*,S,substrate
7,A0A0A2N2B1_ALCFA,BINDING,377..379,326..328,*:*,KVN,substrate
8,A0A0A2N2B1_ALCFA,SITE,384,333,*,E,Important for catalytic activity
9,A0A161IAB1_9SPHN,ACT_SITE,240,188,*,H,Proton donor/acceptor
10,A0A161IAB1_9SPHN,ACT_SITE,371,318,*,S,ECO:0000256|HAMAP-Rule:MF_00743
11,A0A161IAB1_9SPHN,BINDING,150..152,98..100,***,SGT,substrate
12,A0A161IAB1_9SPHN,BINDING,181..184,129..132,::**,HPND,substrate
13,A0A161IAB1_9SPHN,BINDING,191..193,139..141,***,SSN,substrate
14,A0A161IAB1_9SPHN,BINDING,239,187,*,T,substrate
15,A0A161IAB1_9SPHN,BINDING,372,319,*,S,substrate
16,A0A161IAB1_9SPHN,BINDING,377..379,324..326,*:*,KVN,substrate
17,A0A161IAB1_9SPHN,SITE,384,331,*,E,Important for catalytic activity
18,A0AAF0BRV8_RHOPA,ACT_SITE,240,200,*,H,Proton donor/acceptor
19,A0AAF0BRV8_RHOPA,ACT_SITE,371,330,*,S,ECO:0000256|HAMAP-Rule:MF_00743
20,A0AAF0BRV8_RHOPA,BINDING,150..152,110..112,***,SGT,substrate
21,A0AAF0BRV8_RHOPA,BINDING,181..184,141..144,::**,HPND,substrate
22,A0AAF0BRV8_RHOPA,BINDING,191..193,151..153,***,SSN,substrate
23,A0AAF0BRV8_RHOPA,BINDING,239,199,*,T,substrate
24,A0AAF0BRV8_RHOPA,BINDING,372,331,*,S,substrate
25,A0AAF0BRV8_RHOPA,BINDING,377..379,336..338,*:*,KVN,substrate
26,A0AAF0BRV8_RHOPA,SITE,384,343,*,E,Important for catalytic activity
27,A0R2U8_MYCS2,ACT_SITE,240,185,*,H,Proton donor/acceptor
28,A0R2U8_MYCS2,ACT_SITE,371,316,*,S,ECO:0000256|HAMAP-Rule:MF_00743
29,A0R2U8_MYCS2,BINDING,150..152,102..104,***,SGT,substrate
30,A0R2U8_MYCS2,BINDING,181..184,126..129,::**,HPND,substrate
31,A0R2U8_MYCS2,BINDING,191..193,136..138,***,SSN,substrate
32,A0R2U8_MYCS2,BINDING,239,184,*,T,substrate
33,A0R2U8_MYCS2,BINDING,372,317,*,S,substrate
34,A0R2U8_MYCS2,BINDING,377..379,322..324,*:*,KVN,substrate
35,A0R2U8_MYCS2,SITE,384,329,*,E,Important for catalytic activity
36,A1B3A9_PARDP,ACT_SITE,240,189,*,H,Proton donor/acceptor
37,A1B3A9_PARDP,ACT_SITE,371,319,*,S,ECO:0000256|HAMAP-Rule:MF_00743
38,A1B3A9_PARDP,BINDING,150..152,99..101,***,SGT,substrate
39,A1B3A9_PARDP,BINDING,181..184,130..133,::**,HPND,substrate
40,A1B3A9_PARDP,BINDING,191..193,140..142,***,SSN,substrate
41,A1B3A9_PARDP,BINDING,239,188,*,T,substrate
42,A1B3A9_PARDP,BINDING,372,320,*,S,substrate
43,A1B3A9_PARDP,BINDING,377..379,325..327,*:*,KVN,substrate
44,A1B3A9_PARDP,SITE,384,332,*,E,Important for catalytic activity
45,A5FYG7_ACICJ,ACT_SITE,240,203,*,H,Proton donor/acceptor
46,A5FYG7_ACICJ,ACT_SITE,371,333,*,S,ECO:0000256|HAMAP-Rule:MF_00743
47,A5FYG7_ACICJ,BINDING,150..152,113..115,***,SGT,substrate
48,A5FYG7_ACICJ,BINDING,181..184,144..147,::**,HPND,substrate
49,A5FYG7_ACICJ,BINDING,191..193,154..156,***,SSN,substrate
50,A5FYG7_ACICJ,BINDING,239,202,*,T,substrate
51,A5FYG7_ACICJ,BINDING,372,334,*,S,substrate
52,A5FYG7_ACICJ,BINDING,377..379,339..341,*:*,KVN,substrate
53,A5FYG7_ACICJ,SITE,384,346,*,E,Important for catalytic activity
54,A9C1V8_DELAS,ACT_SITE,240,188,*,H,Proton donor/acceptor
55,A9C1V8_DELAS,ACT_SITE,371,318,*,S,ECO:0000256|HAMAP-Rule:MF_00743
56,A9C1V8_DELAS,BINDING,150..152,98..100,***,SGT,substrate
57,A9C1V8_DELAS,BINDING,181..184,129..132,::**,HPND,substrate
58,A9C1V8_DELAS,BINDING,191..193,139..141,***,SSN,substrate
59,A9C1V8_DELAS,BINDING,239,187,*,T,substrate
60,A9C1V8_DELAS,BINDING,372,319,*,S,substrate
61,A9C1V8_DELAS,BINDING,377..379,324..326,*:*,KVN,substrate
62,A9C1V8_DELAS,SITE,384,331,*,E,Important for catalytic activity
63,B9LRQ8_HALLT,ACT_SITE,240,188,*,H,Proton donor/acceptor
64,B9LRQ8_HALLT,ACT_SITE,371,318,*,S,ECO:0000256|HAMAP-Rule:MF_00743
65,B9LRQ8_HALLT,BINDING,150..152,99..101,***,SGT,substrate
66,B9LRQ8_HALLT,BINDING,181..184,129..132,::**,HPND,substrate
67,B9LRQ8_HALLT,BINDING,191..193,139..141,***,SSN,substrate
68,B9LRQ8_HALLT,BINDING,239,187,*,T,substrate
69,B9LRQ8_HALLT,BINDING,372,319,*,S,substrate
70,B9LRQ8_HALLT,BINDING,377..379,324..326,*:*,KIN,substrate
71,B9LRQ8_HALLT,SITE,384,331,*,E,Important for catalytic activity
72,C5C9A5_MICLC,ACT_SITE,240,193,*,H,Proton donor/acceptor
73,C5C9A5_MICLC,ACT_SITE,371,323,*,S,ECO:0000256|HAMAP-Rule:MF_00743
74,C5C9A5_MICLC,BINDING,150..152,104..106,***,SGT,substrate
75,C5C9A5_MICLC,BINDING,181..184,134..137,::**,HPND,substrate
76,C5C9A5_MICLC,BINDING,191..193,144..146,***,SSN,substrate
77,C5C9A5_MICLC,BINDING,239,192,*,T,substrate
78,C5C9A5_MICLC,BINDING,372,324,*,S,substrate
79,C5C9A5_MICLC,BINDING,377..379,329..331,*:*,KVN,substrate
80,C5C9A5_MICLC,SITE,384,336,*,E,Important for catalytic activity
81,E0RQU4_SPITD,ACT_SITE,240,187,*,H,Proton donor/acceptor
82,E0RQU4_SPITD,ACT_SITE,371,317,*,S,ECO:0000256|HAMAP-Rule:MF_00743
83,E0RQU4_SPITD,BINDING,150..152,97..99,***,SGT,substrate
84,E0RQU4_SPITD,BINDING,181..184,128..131,::**,HPND,substrate
85,E0RQU4_SPITD,BINDING,191..193,138..140,***,SSN,substrate
86,E0RQU4_SPITD,BINDING,239,186,*,T,substrate
87,E0RQU4_SPITD,BINDING,372,318,*,S,substrate
88,E0RQU4_SPITD,BINDING,377..379,323..325,*:*,KVN,substrate
89,E0RQU4_SPITD,SITE,384,330,*,E,Important for catalytic activity
90,F2R1A3_STRVP,ACT_SITE,240,190,*,H,Proton donor/acceptor
91,F2R1A3_STRVP,ACT_SITE,371,320,*,S,ECO:0000256|HAMAP-Rule:MF_00743
92,F2R1A3_STRVP,BINDING,150..152,104..106,***,SGT,substrate
93,F2R1A3_STRVP,BINDING,181..184,131..134,::**,HPND,substrate
94,F2R1A3_STRVP,BINDING,191..193,141..143,***,SSN,substrate
95,F2R1A3_STRVP,BINDING,239,189,*,T,substrate
96,F2R1A3_STRVP,BINDING,372,321,*,S,substrate
97,F2R1A3_STRVP,BINDING,377..379,326..328,*:*,KVN,substrate
98,F2R1A3_STRVP,SITE,384,333,*,E,Important for catalytic activity
99,FUMC_CAMJE,ACT_SITE,240,187,*,H,Proton donor/acceptor
100,FUMC_CAMJE,ACT_SITE,371,317,*,S,ECO:0000255|HAMAP-Rule:MF_00743
101,FUMC_CAMJE,BINDING,150..152,97..99,***,SGT,substrate
102,FUMC_CAMJE,BINDING,181..184,128..131,::**,HPND,substrate
103,FUMC_CAMJE,BINDING,191..193,138..140,***,SSN,substrate
104,FUMC_CAMJE,BINDING,239,186,*,T,substrate
105,FUMC_CAMJE,BINDING,372,318,*,S,substrate
106,FUMC_CAMJE,BINDING,377..379,323..325,*:*,KVN,substrate
107,FUMC_CAMJE,SITE,384,330,*,E,Important for catalytic activity
108,Q035H4_LACP3,ACT_SITE,240,184,*,H,Proton donor/acceptor
109,Q035H4_LACP3,ACT_SITE,371,314,*,S,ECO:0000256|HAMAP-Rule:MF_00743
110,Q035H4_LACP3,BINDING,150..152,100..102,***,SGT,substrate
111,Q035H4_LACP3,BINDING,191..193,136..138,***,SSN,substrate
112,Q035H4_LACP3,BINDING,239,183,*,T,substrate
113,Q035H4_LACP3,BINDING,372,315,*,S,substrate
114,Q035H4_LACP3,BINDING,377..379,320..322,*:*,KVN,substrate
115,Q035H4_LACP3,SITE,384,327,*,E,Important for catalytic activity
116,Q5ZRE5_LEGPH,ACT_SITE,240,188,*,H,Proton donor/acceptor
117,Q5ZRE5_LEGPH,ACT_SITE,371,318,*,S,ECO:0000256|HAMAP-Rule:MF_00743
118,Q5ZRE5_LEGPH,BINDING,150..152,98..100,***,SGT,substrate
119,Q5ZRE5_LEGPH,BINDING,181..184,129..132,::**,HPND,substrate
120,Q5ZRE5_LEGPH,BINDING,191..193,139..141,***,SSN,substrate
121,Q5ZRE5_LEGPH,BINDING,239,187,*,T,substrate
122,Q5ZRE5_LEGPH,BINDING,372,319,*,S,substrate
123,Q5ZRE5_LEGPH,BINDING,377..379,324..326,*:*,KVN,substrate
124,Q5ZRE5_LEGPH,SITE,384,331,*,E,Important for catalytic activity
125,Q65F51_BACLD,ACT_SITE,240,186,*,H,Proton donor/acceptor
126,Q65F51_BACLD,ACT_SITE,371,316,*,S,ECO:0000256|HAMAP-Rule:MF_00743
127,Q65F51_BACLD,BINDING,150..152,97..99,***,SGT,substrate
128,Q65F51_BACLD,BINDING,181..184,127..130,::**,HPND,substrate
129,Q65F51_BACLD,BINDING,191..193,137..139,***,SSN,substrate
130,Q65F51_BACLD,BINDING,239,185,*,T,substrate
131,Q65F51_BACLD,BINDING,372,317,*,S,substrate
132,Q65F51_BACLD,BINDING,377..379,322..324,*:*,KVN,substrate
133,Q65F51_BACLD,SITE,384,329,*,E,Important for catalytic activity
134,Q6NA57_RHOPA,ACT_SITE,240,206,*,H,Proton donor/acceptor
135,Q6NA57_RHOPA,ACT_SITE,371,336,*,S,ECO:0000256|HAMAP-Rule:MF_00743
136,Q6NA57_RHOPA,BINDING,150..152,116..118,***,SGT,substrate
137,Q6NA57_RHOPA,BINDING,191..193,157..159,***,SSN,substrate
138,Q6NA57_RHOPA,BINDING,239,205,*,T,substrate
139,Q6NA57_RHOPA,BINDING,372,337,*,S,substrate
140,Q6NA57_RHOPA,BINDING,377..379,342..344,*:*,KVN,substrate
141,Q6NA57_RHOPA,SITE,384,349,*,E,Important for catalytic activity
142,FUMC_BACCR,ACT_SITE,240,186,*,H,Proton donor/acceptor
143,FUMC_BACCR,ACT_SITE,371,316,*,S,ECO:0000255|HAMAP-Rule:MF_00743
144,FUMC_BACCR,BINDING,150..152,97..99,***,SGT,substrate
145,FUMC_BACCR,BINDING,181..184,127..130,::**,HPND,substrate
146,FUMC_BACCR,BINDING,191..193,137..139,***,SSN,substrate
147,FUMC_BACCR,BINDING,239,185,*,T,substrate
148,FUMC_BACCR,BINDING,372,317,*,S,substrate
149,FUMC_BACCR,BINDING,377..379,322..324,*:*,KVN,substrate
150,FUMC_BACCR,SITE,384,329,*,E,Important for catalytic activity
151,FUMC_PSEPK,ACT_SITE,240,186,*,H,Proton donor/acceptor
152,FUMC_PSEPK,ACT_SITE,371,316,*,S,ECO:0000255|HAMAP-Rule:MF_00743
153,FUMC_PSEPK,BINDING,150..152,96..98,***,SGT,substrate
154,FUMC_PSEPK,BINDING,181..184,127..130,::**,HPND,substrate
155,FUMC_PSEPK,BINDING,191..193,137..139,***,SSN,substrate
156,FUMC_PSEPK,BINDING,239,185,*,T,substrate
157,FUMC_PSEPK,BINDING,372,317,*,S,substrate
158,FUMC_PSEPK,BINDING,377..379,322..324,*:*,KVN,substrate
159,FUMC_PSEPK,SITE,384,329,*,E,Important for catalytic activity
160,Q88PA6_PSEPK,ACT_SITE,240,183,*,H,Proton donor/acceptor
161,Q88PA6_PSEPK,ACT_SITE,371,313,*,S,ECO:0000256|HAMAP-Rule:MF_00743
162,Q88PA6_PSEPK,BINDING,150..152,99..101,***,SGT,substrate
163,Q88PA6_PSEPK,BINDING,175..184,124..127,.----.::**,N------AND,substrate
164,Q88PA6_PSEPK,BINDING,191..193,134..136,***,SSN,substrate
165,Q88PA6_PSEPK,BINDING,239,182,*,T,substrate
166,Q88PA6_PSEPK,BINDING,372,314,*,S,substrate
167,Q88PA6_PSEPK,BINDING,377..379,319..321,*:*,KVN,substrate
168,Q88PA6_PSEPK,SITE,384,326,*,E,Important for catalytic activity
169,FUMC_SALTI,ACT_SITE,240,188,*,H,Proton donor/acceptor
170,FUMC_SALTI,ACT_SITE,371,318,*,S,ECO:0000255|HAMAP-Rule:MF_00743
171,FUMC_SALTI,BINDING,150..152,98..100,***,SGT,substrate
172,FUMC_SALTI,BINDING,178,126,-,R,substrate
173,FUMC_SALTI,BINDING,181..184,129..132,::**,HPND,substrate
174,FUMC_SALTI,BINDING,191..193,139..141,***,SSN,substrate
175,FUMC_SALTI,BINDING,239,187,*,T,substrate
176,FUMC_SALTI,BINDING,372,319,*,S,substrate
177,FUMC_SALTI,BINDING,377..379,324..326,*:*,KVN,substrate
178,FUMC_SALTI,SITE,384,331,*,E,Important for catalytic activity
179,W6RUA7_9HYPH,ACT_SITE,240,188,*,H,Proton donor/acceptor
180,W6RUA7_9HYPH,ACT_SITE,371,318,*,S,ECO:0000256|HAMAP-Rule:MF_00743
181,W6RUA7_9HYPH,BINDING,150..152,98..100,***,SGT,substrate
182,W6RUA7_9HYPH,BINDING,181..184,129..132,::**,HPND,substrate
183,W6RUA7_9HYPH,BINDING,191..193,139..141,***,SSN,substrate
184,W6RUA7_9HYPH,BINDING,239,187,*,T,substrate
185,W6RUA7_9HYPH,BINDING,372,319,*,S,substrate
186,W6RUA7_9HYPH,BINDING,377..379,324..326,*:*,KVN,substrate
187,W6RUA7_9HYPH,SITE,384,331,*,E,Important for catalytic activity
