,KOID,UniProtID,Type,MSA_Binding_Location,conservationScore,Value,Description,Residue_Counts
0,K01679,A0A0A2N2B1_ALCFA,ACT_SITE,240,*,H,Proton donor/acceptor,{'H': 24}
1,K01679,A0A0A2N2B1_ALCFA,ACT_SITE,371,*,S,ECO:0000256|HAMAP-Rule:MF_00743,{'S': 24}
2,K01679,A0A0A2N2B1_ALCFA,BINDING,150..152,***,SGT,substrate,"[{'S': 24}, {'G': 24}, {'T': 24}]"
3,K01679,A0A0A2N2B1_ALCFA,BINDING,181..184,-.**,HPND,substrate,"[{'H': 21, 'L': 1, 'G': 1, '-': 1}, {'P': 23, 'A': 1}, {'N': 24}, {'D': 24}]"
4,K01679,A0A0A2N2B1_ALCFA,BINDING,191..193,***,SSN,substrate,"[{'S': 24}, {'S': 24}, {'N': 24}]"
5,K01679,A0A0A2N2B1_ALCFA,BINDING,239,*,T,substrate,{'T': 24}
6,K01679,A0A0A2N2B1_ALCFA,BINDING,372,*,S,substrate,{'S': 24}
7,K01679,A0A0A2N2B1_ALCFA,BINDING,377..379,*-*,KVN,substrate,"[{'K': 24}, {'R': 1, 'V': 22, 'I': 1}, {'N': 24}]"
8,K01679,A0A0A2N2B1_ALCFA,SITE,384,*,E,Important for catalytic activity,{'E': 24}
163,K01679,Q88PA6_PSEPK,BINDING,175..184,-------.**,N------AND,substrate,"[{'G': 19, 'N': 2, 'R': 1, 'A': 1, 'P': 1}, {'T': 2, 'P': 1, 'S': 11, 'A': 1, 'G': 2, 'M': 1, 'E': 2, 'K': 1, '-': 1, 'D': 1, 'N': 1}, {'R': 3, 'D': 2, 'K': 10, 'Q': 1, 'E': 3, 'S': 2, '-': 1, 'G': 2}, {'S': 2, 'L': 2, 'T': 1, 'Q': 1, 'A': 2, 'N': 1, 'K': 7, 'R': 3, 'V': 3, '-': 1, 'D': 1}, {'P': 14, 'K': 2, 'L': 2, 'H': 1, '-': 2, 'T': 1, 'E': 2}, {'V': 18, 'I': 5, '-': 1}, {'H': 21, 'L': 1, 'G': 1, '-': 1}, {'P': 23, 'A': 1}, {'N': 24}, {'D': 24}]"
172,K01679,FUMC_SALTI,BINDING,178,-,R,substrate,"{'S': 2, 'L': 2, 'T': 1, 'Q': 1, 'A': 2, 'N': 1, 'K': 7, 'R': 3, 'V': 3, '-': 1, 'D': 1}"
