Unnamed: 0,Type,MSA_Binding_Location,conservationScore,Value,Description,Residue_Counts
0,ACT_SITE,214,*,H,Proton acceptor,{'H': 25}
1,BINDING,30..36,::-:-.:,GA-GMIG,NAD(+),"[{'G': 24, '-': 1}, {'A': 22, '-': 1, 'S': 2}, {'A': 11, 'G': 1, '-': 13}, {'G': 24, '-': 1}, {'Q': 9, 'N': 6, 'M': 5, 'G': 1, 'T': 1, '-': 1, 'F': 2}, {'I': 16, 'V': 6, '-': 1, 'T': 2}, {'G': 23, 'A': 1, '-': 1}]"
2,BINDING,61,.,D,NAD(+),"{'E': 6, 'D': 19}"
3,BINDING,115,*,R,substrate,{'R': 25}
4,BINDING,121,*,R,substrate,{'R': 25}
5,BINDING,128,*,N,NAD(+),{'N': 25}
6,BINDING,152..154,--*,ITN,NAD(+),"[{'V': 11, 'I': 10, 'T': 1, 'L': 3}, {'G': 7, 'F': 3, 'T': 11, 'S': 4}, {'N': 25}]"
7,BINDING,154,*,N,substrate,{'N': 25}
8,BINDING,189,*,R,substrate,{'R': 25}
14,BINDING,135,-,Q,NAD(+),"{'Q': 7, 'F': 3, 'L': 1, 'I': 3, 'V': 9, 'C': 1, 'T': 1}"
204,BINDING,281,.,M,NAD(+),"{'A': 7, 'P': 17, 'M': 1}"
206,BINDING,29..36,-::-:-.:,IGA-GNVG,NAD(+),"[{'T': 7, 'V': 8, 'L': 1, 'I': 8, '-': 1}, {'G': 24, '-': 1}, {'A': 22, '-': 1, 'S': 2}, {'A': 11, 'G': 1, '-': 13}, {'G': 24, '-': 1}, {'Q': 9, 'N': 6, 'M': 5, 'G': 1, 'T': 1, '-': 1, 'F': 2}, {'I': 16, 'V': 6, '-': 1, 'T': 2}, {'G': 23, 'A': 1, '-': 1}]"
0,BINDING,147..149,--:,TIT,NADP(+),"[{'I': 1, 'P': 6, 'T': 9, 'L': 12}, {'I': 10, 'K': 2, 'T': 12, 'A': 2, 'R': 1, 'E': 1}, {'T': 25, 'N': 3}]"
1,BINDING,149,:,T,D-threo-isocitrate,"{'T': 25, 'N': 3}"
2,BINDING,154,-,R,NADP(+),"{'E': 2, 'Q': 1, 'K': 1, 'D': 2, 'A': 1, 'R': 9, 'G': 12}"
3,BINDING,166..172,.-*--.*,SPNGTIR,D-threo-isocitrate,"[{'A': 7, 'S': 21}, {'V': 7, 'P': 9, 'A': 1, 'L': 11}, {'N': 28}, {'P': 7, 'G': 9, 'V': 12}, {'V': 7, 'T': 11, 'A': 10}, {'L': 18, 'I': 10}, {'R': 28}]"
4,BINDING,181,-,R,D-threo-isocitrate,"{'L': 11, 'T': 1, 'P': 5, 'R': 9, 'I': 1, 'V': 1}"
5,BINDING,208,.,R,D-threo-isocitrate,"{'Y': 2, 'T': 2, 'H': 2, 'S': 1, 'R': 21}"
6,BINDING,385,*,D,Mn(2+),{'D': 28}
7,BINDING,429,-,K,NADP(+),"{'K': 14, 'H': 1, 'R': 1, 'I': 1, 'L': 7, 'T': 3, 'M': 1}"
8,BINDING,580,.,D,Mn(2+),"{'N': 7, 'D': 21}"
9,BINDING,620..625,*...--,GTVTRH,NADP(+),"[{'G': 28}, {'T': 21, 'S': 7}, {'A': 19, 'V': 9}, {'P': 19, 'T': 9}, {'T': 1, 'K': 15, 'R': 9, 'A': 1, 'N': 2}, {'L': 1, 'Q': 2, 'H': 13, 'I': 3, 'Y': 9}]"
10,BINDING,638,.,N,NADP(+),"{'D': 7, 'N': 21}"
11,SITE,215,:,Y,Critical for catalysis,"{'F': 2, 'Y': 25, 'A': 1}"
12,SITE,290,*,K,Critical for catalysis,{'K': 28}
13,BINDING,148,-,T,NADP(+),"{'I': 10, 'K': 2, 'T': 12, 'A': 2, 'R': 1, 'E': 1}"
14,BINDING,166,.,S,D-threo-isocitrate,"{'A': 7, 'S': 21}"
15,BINDING,168,*,N,D-threo-isocitrate,{'N': 28}
16,BINDING,172,*,R,D-threo-isocitrate,{'R': 28}
17,BINDING,182,-,R,D-threo-isocitrate,"{'P': 1, 'K': 2, 'A': 1, 'N': 1, 'G': 1, 'L': 1, 'E': 9, 'R': 12}"
20,BINDING,618..625,..*...--,H-GTAPKY,NADP(+),"[{'A': 7, 'H': 21}, {'G': 7, '-': 21}, {'G': 28}, {'T': 21, 'S': 7}, {'A': 19, 'V': 9}, {'P': 19, 'T': 9}, {'T': 1, 'K': 15, 'R': 9, 'A': 1, 'N': 2}, {'L': 1, 'Q': 2, 'H': 13, 'I': 3, 'Y': 9}]"
22,BINDING,685,-,Y,NADP(+),"{'-': 1, 'R': 6, 'K': 9, 'G': 1, 'N': 1, 'H': 1, 'Y': 9}"
23,BINDING,689,-,R,NADP(+),"{'T': 1, 'E': 4, 'G': 3, 'L': 6, 'A': 1, 'I': 1, 'P': 1, 'R': 11}"
65,BINDING,115..120,--....,KLPNIS,NADP(+),"[{'K': 9, 'Q': 7, 'G': 1, 'W': 10, 'Y': 1}, {'L': 16, 'T': 1, 'I': 3, 'V': 6, 'A': 1, 'M': 1}, {'P': 19, 'T': 9}, {'N': 7, '-': 21}, {'I': 6, 'V': 1, '-': 21}, {'S': 7, '-': 21}]"
66,BINDING,165..172,-.-*--.*,SAVNPVLR,substrate,"[{'S': 7, 'R': 3, 'K': 6, '-': 12}, {'A': 7, 'S': 21}, {'V': 7, 'P': 9, 'A': 1, 'L': 11}, {'N': 28}, {'P': 7, 'G': 9, 'V': 12}, {'V': 7, 'T': 11, 'A': 10}, {'L': 18, 'I': 10}, {'R': 28}]"
67,BINDING,165,-,S,D-threo-isocitrate,"{'S': 7, 'R': 3, 'K': 6, '-': 12}"
71,BINDING,178,-,R,D-threo-isocitrate,"{'R': 7, 'T': 5, 'V': 4, 'Y': 11, 'F': 1}"
75,BINDING,455,.,Y,D-threo-isocitrate,"{'Y': 7, '-': 21}"
76,BINDING,583,.,R,D-threo-isocitrate,"{'R': 7, 'S': 21}"
77,BINDING,584,*,D,D-threo-isocitrate,{'D': 28}
80,BINDING,588,-,D,Mg(2+),"{'D': 7, 'Q': 9, 'G': 1, 'A': 11}"
82,BINDING,620..621,*.,GS,NADP(+),"[{'G': 28}, {'T': 21, 'S': 7}]"
83,BINDING,625,-,H,NADP(+),"{'L': 1, 'Q': 2, 'H': 13, 'I': 3, 'Y': 9}"
84,BINDING,636..638,--.,RWD,NADP(+),"[{'L': 1, 'R': 6, 'S': 9, '-': 12}, {'W': 7, 'T': 9, 'A': 1, 'V': 11}, {'D': 7, 'N': 21}]"
0,ACT_SITE,318,:,C,Nucleophile,"{'C': 26, '-': 1}"
1,BINDING,145..146,:*,RI,NAD(+),"[{'R': 26, 'H': 1}, {'I': 27}]"
2,BINDING,234,.,R,NAD(+),"{'K': 5, 'P': 2, 'E': 1, 'R': 18, 'M': 1}"
3,BINDING,286,:,S,NAD(+),"{'T': 3, 'S': 23, 'G': 1}"
4,BINDING,317..319,:::,SCT,D-glyceraldehyde 3-phosphate,"[{'S': 26, '-': 1}, {'C': 26, '-': 1}, {'T': 26, '-': 1}]"
5,BINDING,348,*,T,D-glyceraldehyde 3-phosphate,{'T': 27}
6,BINDING,378..379,::,TG,D-glyceraldehyde 3-phosphate,"[{'T': 26, 'S': 1}, {'G': 25, 'S': 2}]"
7,BINDING,401,:,R,D-glyceraldehyde 3-phosphate,"{'R': 25, 'C': 1, 'H': 1}"
8,BINDING,501,:,N,NAD(+),"{'N': 26, '-': 1}"
9,SITE,345,*,H,Activates thiol group during catalysis,{'H': 27}
12,BINDING,174,:,D,NAD(+),"{'G': 1, 'D': 23, 'H': 1, 'N': 1, 'A': 1}"
183,BINDING,145,:,R,ADP,"{'R': 26, 'H': 1}"
185,BINDING,146,*,I,ADP,{'I': 27}
197,BINDING,349,-,N,ADP,"{'N': 7, 'G': 6, 'A': 12, 'S': 1, 'K': 1}"
199,BINDING,357,-,K,NADP(+),"{'F': 1, 'P': 14, 'A': 1, 'Y': 2, 'K': 2, 'M': 4, 'L': 1, 'R': 1, 'S': 1}"
0,ACT_SITE,196,*,C,"ECO:0000256|HAMAP-Rule:MF_01110,...",{'C': 26}
0,ACT_SITE,629,*,H,Proton acceptor,{'H': 28}
1,BINDING,178,*,K,FAD,{'K': 28}
2,BINDING,248,-,G,FAD,"{'A': 15, 'G': 13}"
3,BINDING,332..339,*-*-:*-*,GSGAIGIE,NAD(+),"[{'G': 28}, {'L': 1, 'G': 14, 'S': 5, 'A': 8}, {'G': 28}, {'P': 1, 'V': 15, 'Y': 3, 'I': 3, 'A': 6}, {'L': 1, 'I': 26, 'V': 1}, {'G': 28}, {'V': 2, 'M': 5, 'L': 16, 'I': 5}, {'E': 28}]"
4,BINDING,355,:,E,NAD(+),"{'G': 1, 'E': 27}"
5,BINDING,428,*,G,NAD(+),{'G': 28}
6,BINDING,470,*,D,FAD,{'D': 28}
9,BINDING,293..295,.*:,TGS,FAD,"[{'P': 1, 'T': 22, 'V': 1, 'A': 2, 'S': 2}, {'G': 28}, {'S': 23, 'A': 5}]"
14,BINDING,476..479,.*:*,MLAH,FAD,"[{'P': 1, 'L': 4, 'M': 19, 'Q': 1, 'W': 3}, {'L': 28}, {'L': 1, 'A': 27}, {'H': 28}]"
163,BINDING,135,.,G,FAD,"{'A': 6, 'G': 22}"
164,BINDING,154,:,E,FAD,"{'N': 1, 'E': 24, 'D': 3}"
165,BINDING,155,:,K,FAD,"{'-': 24, 'K': 2, 'A': 1, 'E': 1}"
166,BINDING,168,-,T,FAD,"{'T': 15, 'V': 8, 'I': 5}"
167,BINDING,169,*,C,FAD,{'C': 28}
170,BINDING,295,:,S,FAD,"{'S': 23, 'A': 5}"
174,BINDING,390,:,V,AMP,"{'E': 1, 'V': 23, 'A': 2, 'T': 1, 'I': 1}"
178,BINDING,478,:,A,FAD,"{'L': 1, 'A': 27}"
0,BINDING,134..137,*:**,STRT,carbamoyl phosphate,"[{'S': 37}, {'F': 1, 'T': 33, 'L': 3}, {'R': 37}, {'T': 37}]"
1,BINDING,162,:,Q,carbamoyl phosphate,"{'N': 1, 'H': 3, 'Q': 31, 'G': 2}"
2,BINDING,186,*,R,carbamoyl phosphate,{'R': 37}
3,BINDING,213..216,**-*,HPCQ,carbamoyl phosphate,"[{'H': 37}, {'P': 37}, {'C': 18, 'I': 1, 'T': 17, 'V': 1}, {'Q': 37}]"
4,BINDING,282,*,N,L-ornithine,{'N': 37}
5,BINDING,346,:,D,L-ornithine,"{'D': 36, 'A': 1}"
6,BINDING,350..351,::,SM,L-ornithine,"[{'S': 36, 'T': 1}, {'M': 36, 'A': 1}]"
7,BINDING,389..390,*:,CL,carbamoyl phosphate,"[{'C': 37}, {'M': 1, 'L': 36}]"
8,BINDING,437,*,R,carbamoyl phosphate,{'R': 37}
0,BINDING,172,:,F,pyridoxal 5'-phosphate,"{'F': 26, 'C': 1}"
1,BINDING,175,*,R,N(2)-acetyl-L-ornithine,{'R': 27}
2,BINDING,263..266,**.*,DEVQ,pyridoxal 5'-phosphate,"[{'D': 27}, {'E': 27}, {'V': 19, 'I': 8}, {'Q': 27}]"
3,BINDING,330,:,T,pyridoxal 5'-phosphate,"{'T': 26, 'S': 1}"
4,BINDING,139..140,*.,GA,pyridoxal 5'-phosphate,"[{'G': 27}, {'T': 7, 'A': 18, 'G': 1, 'L': 1}]"
8,BINDING,329,.,S,N(2)-acetyl-L-ornithine,"{'T': 8, 'S': 17, 'G': 2}"
0,BINDING,159,*,R,substrate,{'R': 21}
1,BINDING,161..164,*-.*,NFSH,ATP,"[{'N': 21}, {'C': 1, 'T': 4, 'F': 12, 'M': 4}, {'A': 5, 'S': 16}, {'H': 21}]"
2,BINDING,161,*,N,K(+),{'N': 21}
3,BINDING,163,.,S,K(+),"{'A': 5, 'S': 16}"
4,BINDING,199,*,D,K(+),{'D': 21}
5,BINDING,200,-,T,K(+),"{'I': 3, 'T': 7, 'L': 10, 'V': 1}"
6,BINDING,206,*,R,ATP,{'R': 21}
7,BINDING,302,*,K,ATP,{'K': 21}
8,BINDING,375,*,E,Mg(2+),{'E': 21}
9,BINDING,406,*,G,substrate,{'G': 21}
10,BINDING,407,:,D,Mg(2+),"{'D': 20, 'N': 1}"
12,BINDING,439,*,T,substrate,{'T': 21}
13,SITE,373,*,K,Transition state stabilizer,{'K': 21}
0,BINDING,68..70,*.*,DLN,substrate,"[{'D': 29}, {'L': 10, 'V': 1, 'F': 18}, {'N': 29}]"
1,BINDING,85,*,R,substrate,{'R': 29}
2,BINDING,109..112,*.::,HFGR,substrate,"[{'H': 29}, {'L': 22, 'F': 5, 'M': 2}, {'G': 27, 'D': 2}, {'R': 25, 'K': 4}]"
3,BINDING,171,*,R,substrate,{'R': 29}
4,BINDING,234,*,R,substrate,{'R': 29}
5,BINDING,287,*,K,ATP,{'K': 29}
6,BINDING,422,*,E,ATP,{'E': 29}
7,BINDING,452..455,***-,GGDT,ATP,"[{'G': 29}, {'G': 29}, {'D': 29}, {'T': 16, 'S': 13}]"
22,BINDING,391,-,G,ATP,"{'I': 7, 'A': 4, 'V': 1, 'G': 17}"
0,BINDING,84..85,*:,GG,substrate,"[{'G': 25}, {'G': 24, 'A': 1}]"
1,BINDING,106,*,R,substrate,{'R': 25}
2,BINDING,220,*,N,substrate,{'N': 25}
3,SITE,48,*,K,Transition state stabilizer,{'K': 25}
4,SITE,286,*,K,Transition state stabilizer,{'K': 25}
93,BINDING,247..252,..-*--,DVSGIL,ATP,"[{'D': 19, 'E': 3, 'N': 3}, {'V': 16, 'I': 3, 'K': 3, 'T': 3}, {'S': 2, 'P': 8, 'K': 4, 'D': 1, 'A': 7, 'E': 3}, {'G': 25}, {'I': 4, 'V': 14, 'L': 7}, {'L': 14, 'M': 4, 'K': 2, 'Y': 4, 'C': 1}]"
94,BINDING,278..280,-:-,IIT,ATP,"[{'I': 4, 'V': 7, 'T': 9, '-': 5}, {'I': 20, 'A': 1, 'L': 4}, {'T': 3, 'N': 1, 'Q': 3, 'S': 9, 'E': 2, 'A': 4, 'K': 2, 'Y': 1}]"
0,BINDING,146,*,H,Zn(2+),{'H': 22}
1,BINDING,193,*,D,Zn(2+),{'D': 22}
2,BINDING,234,.,E,Zn(2+),"{'E': 14, 'S': 1, 'T': 1, 'I': 3, 'V': 3}"
3,BINDING,235,-,E,Zn(2+),"{'E': 13, 'S': 2, 'N': 1, 'G': 6}"
4,BINDING,261,*,E,Zn(2+),{'E': 22}
5,BINDING,481,*,H,Zn(2+),{'H': 22}
6,ACT_SITE,148,*,D,ECO:0000255|HAMAP-Rule:MF_01108,{'D': 22}
7,ACT_SITE,232,-,E,ECO:0000255|HAMAP-Rule:MF_01108,"{'A': 2, 'C': 2, 'T': 2, 'I': 3, 'V': 4, 'E': 9}"
11,BINDING,233,:,E,Zn(2+),"{'E': 19, 'G': 2, 'D': 1}"
0,BINDING,90,:,R,substrate,"{'L': 2, 'R': 17}"
1,BINDING,243,*,Y,substrate,{'Y': 19}
2,BINDING,249,*,K,ATP,{'K': 19}
5,BINDING,269,*,H,ATP,{'H': 19}
7,BINDING,292..300,****:**:*,GLSGTGKTT,ATP,"[{'G': 19}, {'L': 19}, {'S': 19}, {'G': 19}, {'S': 2, 'T': 17}, {'G': 19}, {'K': 19}, {'S': 3, 'T': 16}, {'T': 19}]"
8,BINDING,320,*,D,Mn(2+),{'D': 19}
9,BINDING,350,:,E,ATP,"{'D': 2, 'Q': 1, 'E': 16}"
10,BINDING,389,*,R,ATP,{'R': 19}
12,BINDING,521,:,T,ATP,"{'T': 18, 'E': 1}"
77,BINDING,515..516,:-,RI,ATP,"[{'K': 1, 'N': 1, 'P': 1, 'R': 16}, {'I': 8, 'V': 1, 'C': 1, 'M': 9}]"
0,ACT_SITE,381,*,H,ECO:0000256|PIRSR:PIRSR001369-1,{'H': 28}
1,ACT_SITE,442,.,D,ECO:0000256|PIRSR:PIRSR001369-1,"{'G': 1, 'T': 1, 'D': 22, 'E': 4}"
4,ACT_SITE,329,:,H,ECO:0000256|PIRSR:PIRSR610109-1,"{'F': 2, 'H': 26}"
0,ACT_SITE,337,*,H,ECO:0000256|PIRSR:PIRSR001369-1,{'H': 17}
1,ACT_SITE,399,*,D,ECO:0000256|PIRSR:PIRSR001369-1,{'D': 17}
0,ACT_SITE,240,*,H,Proton donor/acceptor,{'H': 24}
1,ACT_SITE,371,*,S,ECO:0000256|HAMAP-Rule:MF_00743,{'S': 24}
2,BINDING,150..152,***,SGT,substrate,"[{'S': 24}, {'G': 24}, {'T': 24}]"
3,BINDING,181..184,::**,HPND,substrate,"[{'H': 21, 'L': 1, 'G': 1, '-': 1}, {'P': 23, 'A': 1}, {'N': 24}, {'D': 24}]"
4,BINDING,191..193,***,SSN,substrate,"[{'S': 24}, {'S': 24}, {'N': 24}]"
5,BINDING,239,*,T,substrate,{'T': 24}
6,BINDING,372,*,S,substrate,{'S': 24}
7,BINDING,377..379,*:*,KVN,substrate,"[{'K': 24}, {'R': 1, 'V': 22, 'I': 1}, {'N': 24}]"
8,SITE,384,*,E,Important for catalytic activity,{'E': 24}
163,BINDING,175..184,.----.::**,N------AND,substrate,"[{'G': 19, 'N': 2, 'R': 1, 'A': 1, 'P': 1}, {'T': 2, 'P': 1, 'S': 11, 'A': 1, 'G': 2, 'M': 1, 'E': 2, 'K': 1, '-': 1, 'D': 1, 'N': 1}, {'R': 3, 'D': 2, 'K': 10, 'Q': 1, 'E': 3, 'S': 2, '-': 1, 'G': 2}, {'S': 2, 'L': 2, 'T': 1, 'Q': 1, 'A': 2, 'N': 1, 'K': 7, 'R': 3, 'V': 3, '-': 1, 'D': 1}, {'P': 14, 'K': 2, 'L': 2, 'H': 1, '-': 2, 'T': 1, 'E': 2}, {'V': 18, 'I': 5, '-': 1}, {'H': 21, 'L': 1, 'G': 1, '-': 1}, {'P': 23, 'A': 1}, {'N': 24}, {'D': 24}]"
172,BINDING,178,-,R,substrate,"{'S': 2, 'L': 2, 'T': 1, 'Q': 1, 'A': 2, 'N': 1, 'K': 7, 'R': 3, 'V': 3, '-': 1, 'D': 1}"
0,ACT_SITE,271,*,E,Proton donor,{'E': 31}
1,ACT_SITE,441,*,K,Proton acceptor,{'K': 31}
2,BINDING,219,*,H,substrate,{'H': 31}
3,BINDING,227,*,Q,(2R)-2-phosphoglycerate,{'Q': 31}
4,BINDING,228,*,E,substrate,{'E': 31}
5,BINDING,325,*,D,Mg(2+),{'D': 31}
6,BINDING,389,*,E,Mg(2+),{'E': 31}
8,BINDING,416,*,D,Mg(2+),{'D': 31}
11,BINDING,468..471,****,SHRS,substrate,"[{'S': 31}, {'H': 31}, {'R': 31}, {'S': 31}]"
12,BINDING,470,*,R,(2R)-2-phosphoglycerate,{'R': 31}
13,BINDING,471,*,S,(2R)-2-phosphoglycerate,{'S': 31}
14,BINDING,492,*,K,(2R)-2-phosphoglycerate,{'K': 31}
297,BINDING,93,*,S,Mg(2+),{'S': 31}
0,ACT_SITE,145,*,H,Electrophile,{'H': 29}
1,ACT_SITE,222,*,E,Proton acceptor,{'E': 29}
2,BINDING,48..50,*:*,NWK,substrate,"[{'N': 29}, {'P': 1, 'L': 2, 'W': 24, 'F': 2}, {'K': 29}]"
3,BINDING,228,*,G,substrate,{'G': 29}
4,BINDING,268,:,S,substrate,"{'V': 1, 'S': 28}"
5,BINDING,294..295,::,GG,substrate,"[{'N': 1, 'G': 28}, {'A': 1, 'T': 1, 'S': 1, 'G': 26}]"
0,ACT_SITE,397,*,E,Proton donor,{'E': 29}
1,ACT_SITE,428,:,H,ECO:0000256|HAMAP-Rule:MF_00473,"{'W': 1, 'H': 28}"
2,ACT_SITE,625,:,K,ECO:0000256|HAMAP-Rule:MF_00473,"{'R': 1, 'K': 28}"
0,ACT_SITE,271,*,H,Tele-phosphohistidine intermediate,{'H': 20}
1,BINDING,16..19,**--,TGKT,CoA,"[{'T': 20}, {'G': 20}, {'A': 2, 'G': 3, 'K': 7, 'R': 2, 'S': 5, 'D': 1}, {'T': 6, 'E': 4, 'D': 2, 'N': 2, 'Q': 6}]"
2,BINDING,108..110,*:*,ITE,CoA,"[{'I': 20}, {'T': 19, 'A': 1}, {'E': 20}]"
3,BINDING,178,*,Y,substrate,{'Y': 20}
6,BINDING,46,:,K,CoA,"{'K': 19, 'R': 1}"
0,BINDING,77,*,K,ATP,{'K': 21}
1,BINDING,84..86,***,GRG,ATP,"[{'G': 21}, {'R': 21}, {'G': 21}]"
2,BINDING,144,-,V,ATP,"{'P': 1, 'A': 6, 'S': 3, 'V': 4, 'Y': 1, 'C': 4, 'T': 2}"
3,BINDING,149,*,E,ATP,{'E': 21}
4,BINDING,241,*,N,Mg(2+),{'N': 21}
5,BINDING,255,*,D,Mg(2+),{'D': 21}
6,BINDING,306,*,N,substrate,{'N': 21}
7,BINDING,368..370,**-,GIM,substrate,"[{'G': 21}, {'I': 21}, {'T': 7, 'V': 5, 'M': 9}]"
10,BINDING,141,.,E,ATP,"{'E': 15, 'A': 3, 'S': 2, 'T': 1}"
0,BINDING,31..39,*.******:,AYSGGLDTS,ATP,"[{'A': 32}, {'F': 8, 'Y': 24}, {'S': 32}, {'G': 32}, {'G': 32}, {'L': 32}, {'D': 32}, {'T': 32}, {'S': 31, 'T': 1}]"
1,BINDING,60,-,A,ATP,"{'A': 17, 'V': 4, 'I': 4, 'L': 3, 'M': 1, 'C': 1, 'T': 1, 'G': 1}"
2,BINDING,120,*,Y,L-citrulline,{'Y': 32}
3,BINDING,125,-,S,L-citrulline,"{'P': 4, 'S': 17, 'A': 10, '-': 1}"
4,BINDING,150,*,G,ATP,{'G': 32}
5,BINDING,152,*,T,L-aspartate,{'T': 32}
6,BINDING,156,*,N,L-aspartate,{'N': 32}
8,BINDING,157,*,D,L-aspartate,{'D': 32}
9,BINDING,160,*,R,L-citrulline,{'R': 32}
10,BINDING,217,*,S,L-citrulline,{'S': 32}
11,BINDING,226,.,S,L-citrulline,"{'T': 4, 'S': 22, 'A': 6}"
12,BINDING,310,:,E,L-citrulline,"{'E': 29, 'G': 3}"
13,BINDING,322,:,Y,L-citrulline,"{'Y': 29, 'F': 3}"
49,BINDING,219,:,D,ATP,"{'D': 29, 'N': 3}"
51,BINDING,228,:,E,L-citrulline,"{'E': 29, 'C': 3}"
0,ACT_SITE,99,*,S,Phosphoserine intermediate,{'S': 21}
1,BINDING,32,*,D,Mn(2+),{'D': 21}
3,BINDING,160,*,H,substrate,{'H': 21}
4,BINDING,191..192,**,RD,substrate,"[{'R': 21}, {'D': 21}]"
5,BINDING,227,*,R,substrate,{'R': 21}
6,BINDING,234,*,R,substrate,{'R': 21}
7,BINDING,308..311,*-**,RADR,substrate,"[{'R': 21}, {'G': 2, 'S': 1, 'N': 5, 'A': 7, 'P': 6}, {'D': 21}, {'R': 21}]"
8,BINDING,385,*,K,substrate,{'K': 21}
9,BINDING,453,*,D,Mn(2+),{'D': 21}
10,BINDING,457,*,H,Mn(2+),{'H': 21}
11,BINDING,494,*,D,Mn(2+),{'D': 21}
12,BINDING,495,*,H,Mn(2+),{'H': 21}
13,BINDING,525,*,H,Mn(2+),{'H': 21}
